user1000,Quinn,MAT,BIO284,PHY237
user1001,Luis,MIS,PHY333,MIS321,DST241,CSC248,MAT353
user1002,Khadro,PHY,BIO193,CHE268,PHY165,DST258,CHE396
user1003,Tenley,MAT,BIO298,BIO365,CSC371,MIS246
user1004,Keiran,BIO,MAT324,MIS268
user1005,Luis,DST,CSC379,MAT378,DST293,PHY358,MIS200
user1006,Mohamud,DST,MAT218,CSC286,CHE187,BIO359,MIS168,DST262
user1007,Skyler,CSC,DST376,CHE294
user1008,Brooklyn,MIS,CSC384,DST192,CSC145,BIO294
user1009,Emily,CSC,CHE349,CSC163,BIO385
user1010,Najma,CHE,DST355,MIS226,PHY377,CSC369,CHE108,CHE225
user1011,Andy,PHY,MIS302,BIO100,CHE397,MIS181,PHY307,PHY256
user1012,Dori,PHY,BIO314
user1013,Hamsa,BIO,MIS363,MIS221,DST397,CSC352,MIS316,CSC230
user1014,Ermais,MAT,CHE234,DST272,MAT232,BIO288,DST372,CSC203,MAT147
user1015,Liban,CSC,DST193,CSC157
user1016,Matthew,CHE,MAT156,DST395,CHE345
user1017,Elias,MIS,DST202,PHY137,CSC117,MAT205,MIS268,CSC198,MAT126,MAT113,PHY223
user1018,Walta,MAT,DST178
user1019,Drew,PHY,BIO377
user1020,Ivan,CHE,MAT147
user1021,Abdi,CHE,BIO228,PHY382,PHY154,BIO155,MAT232,PHY387,MAT302,DST253,DST121
user1022,Ariana,MIS,CSC136,MIS257,CSC262,CSC232,BIO266,DST368,MIS349
user1023,Josh,CHE,BIO184,BIO356,CHE290,MIS242
user1024,Leah,MIS,PHY355,CHE292,CSC368,CHE192,CSC397,MIS380,CSC200
user1025,Karen,CHE,PHY155
user1026,Betelehem,BIO,CSC238,DST313,CSC341,PHY386
user1027,Justin,PHY,MIS185,BIO169
user1028,Elliott,CHE,CHE104,DST181,MIS281,BIO346,BIO142,PHY106,PHY234
user1029,Miriam,CSC,BIO175
user1030,Josh,CSC,MAT265,CHE137,MAT364,CHE112,DST224,MAT392,MIS374,PHY341,CHE308
user1031,Zak,DST,MAT217,CSC196,MIS142,CHE180,PHY340,DST255,MIS162,CHE201
user1032,Vincent,CSC,MAT105,MAT273,BIO221,PHY310
user1033,Dori,CHE,BIO109,MIS364,DST348,PHY225
user1034,Ivan,CSC,DST209,MIS128,MIS141,MIS128
user1035,Betelehem,DST,MIS318
user1036,Dori,BIO,MAT109
user1037,Kevin,CHE,PHY375,DST218
user1038,Nikita,MAT,MIS387,CSC186,BIO196,BIO323,DST368,PHY193,PHY228
user1039,Rudwan,MIS,CSC394
user1040,Drew,MIS,MIS313,DST322,BIO142
user1041,Angel,CHE,CHE265,CHE204
user1042,Lucy,CSC,CSC297,MIS108
user1043,Zak,BIO,DST248,DST108,CSC228,CSC356,DST192,BIO143,BIO236,CSC208
user1044,Guleid,DST,CHE325,BIO290,DST258,MIS166,CHE281,CSC284
user1045,Brooklyn,DST,CHE202,MAT225,BIO262,CSC369,MIS146,PHY201,CHE230,BIO361
user1046,Katelynn,DST,DST385,CHE270,CHE130,BIO190,CSC370,BIO271
user1047,Johnny,DST,MIS307,DST345,CHE398,CSC224,BIO292,PHY365,CSC144,PHY191
user1048,Keenan,PHY,CHE250,MAT250,CHE258,CSC240,CSC256,MIS124,CSC361
user1049,Karen,MAT,CSC148,PHY332,CHE357
user1050,Guleid,MIS,CHE389,PHY300,DST323,BIO133
user1051,Max,MIS,CSC369,DST160,PHY174,MIS295,MAT195,BIO252
user1052,Aisha,CSC,MAT281,MIS333,PHY105,MAT352,CSC314,DST140
user1053,Matthew,MAT,CHE335,MIS348,DST346,BIO106,PHY277,CSC397,CHE104
user1054,Vincent,MAT,BIO267,CHE295,BIO125
user1055,Bailey,PHY,BIO357,BIO255,BIO174,DST260,DST243,BIO308
user1056,Adnan,CSC,DST121,MAT307,PHY161,PHY330,CSC200,CHE130,CHE254
user1057,Elliott,PHY,MAT288,MIS105,PHY325
user1058,Ella,DST,CSC253,CSC107,PHY259
user1059,Miriam,CSC,CHE227,PHY216,PHY249,PHY372,MAT197,DST164,BIO161
user1060,Melissa,MIS,MAT343,CHE218,DST206,MIS161,BIO116,DST157,BIO127,MIS273
user1061,Chris,CSC,MAT202,BIO254
user1062,Andy,PHY,MIS255,CHE138,MIS201,CSC288
user1063,Ceazar,PHY,MIS323,CHE283,CHE223,MIS340
user1064,Thor,CSC,CHE180,DST350,CSC203,DST321,MAT249
user1065,Chelsey,CSC,MIS258,MIS393,CSC352,PHY241
user1066,Melissa,BIO,MAT195
user1067,Adna,BIO,CHE249
user1068,Erik,DST,MAT157,MIS194,DST284,PHY275,MAT158,CHE278,BIO162,MIS269
user1069,Sundus,MAT,DST398,CSC277,CHE175,CSC191
user1070,Muna,CHE,MAT314,CSC356,BIO169,MIS118,CSC197,BIO365,CHE254,PHY196
user1071,Sergio,BIO,MAT187,CHE124
user1072,Quinn,CSC,CSC255,CSC257,CSC233,MIS192,MAT162,CSC313,CHE175,CSC337
user1073,Kevin,CHE,MAT263,DST397,MAT235,CSC354,CSC379
user1074,Kebba,PHY,CHE148
user1075,Rudwan,PHY,DST167,PHY229,CHE212,CHE276,CSC387,MIS344,DST245
user1076,Kebba,BIO,MAT308,PHY336,MIS312,CHE336,PHY118,DST346,MIS276,DST286
user1077,Jake,DST,PHY325,CHE126,MIS305,PHY253,MIS133
user1078,Kodjo,PHY,PHY179,CSC394
user1079,Betelehem,PHY,CHE277,MIS223
user1080,Ly,BIO,CHE301,CHE186,MIS299,DST335,BIO279,BIO195,CSC261
user1081,Joshua,PHY,PHY134,MAT368,CHE328
user1082,Jamila,CHE,PHY152,CHE182,PHY236,MAT319
user1083,Ariana,BIO,PHY250,PHY375,CHE210,PHY320,CSC219,MAT108,PHY358
user1084,Gabriel,BIO,DST239,PHY329
user1085,Amy,BIO,BIO351
user1086,Quinn,MAT,CHE212,BIO150,CSC391,CSC144,MIS204,PHY239,CSC178,MAT191
user1087,Ryan,CHE,PHY178,CSC280,MIS388,MIS181,MIS243
user1088,Lucy,DST,MAT162,CHE188
user1089,Jocelyn,DST,MIS118,PHY346,MIS157
user1090,Vivika,MAT,DST291,MAT161,CHE316,MIS293,CSC122,CHE347,MAT315
user1091,Adnan,PHY,DST145
user1092,Lucy,MAT,DST184,CSC251,DST295,PHY179,CHE352,MAT136,PHY365
user1093,Guleid,PHY,DST373,MIS134
user1094,Leban,BIO,PHY332,MAT391,CHE238,CHE131,BIO256,DST173,CHE158,MAT137,CHE149
user1095,Jocelyn,CSC,MAT389,CSC143,BIO220,MIS242,MIS158,CHE363,PHY268
user1096,Pavel,PHY,MIS359,BIO166,MAT237,MAT270,PHY234,MAT120,MIS218
user1097,Zak,CSC,CHE290,CHE165
user1098,Everett,PHY,DST181,MIS391,CSC357,PHY372,PHY173
user1099,Jaron,BIO,CHE309,DST351,MAT120,DST345,BIO113,MIS243
user1100,Ethan,PHY,MIS120,CSC235,PHY204,BIO176,PHY303,CSC108,CSC155
user1101,Moua,PHY,BIO306,MAT213,MAT360,CSC366,MIS159,PHY231,PHY105
user1102,Miguel,DST,CSC173,BIO300,MIS311,MIS170,CHE318,BIO247,MAT271,PHY102
user1103,Chris,MAT,MAT394,MIS308
user1104,Esmeralda,MAT,BIO331
user1105,Amaal,CHE,MIS264,DST292,MAT336
user1106,Asli,MIS,MIS390,DST182,PHY380,CHE328,MAT174,CSC314
user1107,Saryn,BIO,DST240,CSC241,CHE103,MAT185,DST291,CSC367
user1108,Jaron,MIS,BIO210,CHE270
user1109,Collin,CSC,CHE220,BIO299,CHE112,MIS145,CHE381,DST134,MIS307
user1110,Doua,PHY,CSC168
user1111,Mitchell,PHY,CSC118,PHY287,CHE161,CSC159,CHE200
user1112,Awal,CSC,MIS128,MAT275,CSC258,MAT199
user1113,Elliott,CSC,CHE244,MAT146,MAT137,CHE253,BIO120,BIO151,BIO361,PHY383,DST122
user1114,Chris,DST,BIO122,DST170,MAT128,CHE289,DST233
user1115,Leban,MIS,PHY125,BIO385,BIO101,CSC184,CSC333
user1116,Elisha,CHE,CHE121,DST317,MIS272
user1117,Ryan,CHE,CHE342
user1118,Matt,MAT,CHE324,MIS264,MAT176,BIO315,BIO316,CHE159
user1119,Aisha,MIS,PHY351,PHY236,DST331,DST146,CHE191,CSC275
user1120,Katie,CSC,CSC360,PHY216,MAT375,PHY129,CSC138
user1121,Skyler,DST,PHY350,MAT219,MAT182
user1122,Romeo,DST,PHY259,MIS247,DST304,MAT376
user1123,Quinn,PHY,MAT338,PHY239,MAT134,CHE299,MIS105,CHE101,CSC167,MAT204
user1124,Liban,DST,DST351,DST197,MAT306,MAT193
user1125,Miguel,CHE,BIO351,MAT193,BIO181,CSC259,DST367,BIO289,CHE244,BIO336,CHE178
user1126,Khaalid,BIO,MIS155,PHY369,CHE381,MIS282,CSC251,BIO128,CHE277
user1127,Christopher,CHE,MAT268,MIS399,MAT311,CHE203,CHE389,MAT373,BIO258,MAT235
user1128,Amina,MIS,BIO316
user1129,Erik,BIO,DST158,CSC199,MAT207
user1130,Najma,MIS,DST169,CHE136,CSC356,BIO364,BIO279,CSC307,MIS177
user1131,Eric,MAT,CHE207
user1132,Dori,DST,BIO142,CSC265,PHY345,BIO241,CSC288,MIS365
user1133,Alinase,BIO,CSC200,DST352,MAT217,DST317,MAT150,DST283,BIO221
user1134,Ayden,CHE,BIO170,BIO274,PHY333
user1135,Chris,PHY,CHE276
user1136,Liban,CSC,MIS264,CSC218
user1137,Gabriel,PHY,DST393,MIS158,BIO303,MAT379,BIO195,CSC136,CHE358
user1138,Sergio,CSC,PHY389,BIO255,BIO372
user1139,Derek,MIS,DST115,MIS329,DST352,CHE354
user1140,Ivie,BIO,MAT393,DST261,MIS139,CHE376,MIS263,MIS105,DST141,CHE383
user1141,Elisha,CHE,MIS215,CHE116,MIS113,CSC217,MIS220,PHY329,PHY249,CSC117,BIO358
user1142,Elliott,MAT,CSC349,BIO167,MAT312,CSC344,MIS172,DST205,BIO320,CHE331,PHY107
user1143,Long,PHY,DST252,PHY150,MIS123,CHE125,MIS330,PHY193,CSC106,CHE328,CHE184
user1144,Tenley,DST,DST149,BIO354,DST332,PHY268,BIO186,MIS295
user1145,Hannah,CSC,MAT205,MAT149,PHY145,CHE108,CSC249,PHY314,CHE399,MAT249,CHE391
user1146,Sergio,MAT,CHE170,MAT223,MIS192,CSC258,CSC118
user1147,Krystal,DST,DST391,PHY323,MIS158,CSC319,PHY364,MIS221
user1148,Hamsa,MAT,CHE293,DST311,DST350,MAT102,BIO106,CSC178,CHE199,CSC242
user1149,Odin,CSC,DST109,CSC253,PHY136,MIS236,MAT321
user1150,Mohamud,MAT,BIO354,MIS345
user1151,Erica,MAT,MIS359,DST325,CSC141,MAT210,MAT153,BIO194,MIS112
user1152,Lucy,MAT,BIO293,MIS282,CHE220,DST194,CHE107,BIO392
user1153,Matt,MIS,PHY380
user1154,Leah,MAT,PHY315,BIO367,PHY164,CSC380,BIO224,CSC296
user1155,Elliott,DST,MIS179,CSC347,PHY153,CHE159,PHY227,PHY239,MAT152,MAT227
user1156,Brandon,DST,MAT207,DST396
user1157,Myles,DST,CHE110
user1158,Hannah,CHE,DST189,PHY212,MAT126
user1159,Rudwan,PHY,MAT294,CHE110,CSC200,BIO147,MAT123
user1160,Guleid,PHY,CSC156,PHY164,MAT182,MIS357,BIO175,CSC126,BIO290,MAT147,CSC239
user1161,Karen,PHY,CHE314,CSC384
user1162,Jason,DST,CSC247,PHY159
user1163,Khalid,CHE,PHY160,MIS167,PHY325,CSC393,DST193,CSC229
user1164,Max,CHE,PHY364
user1165,Hannah,MIS,DST347,BIO347,MIS108,MIS247,DST391,BIO309,MAT104,DST334,MAT370
user1166,Khalid,CHE,PHY342,BIO134,CSC290,CHE189,MAT113,PHY267,MAT232,PHY324,CHE391
user1167,Tommy,MAT,MAT329,MAT260,PHY341,CSC215,PHY124,CHE160,BIO117
user1168,Rudwan,MIS,MIS224,CSC388,CHE108,DST281,CHE322
user1169,Gabriel,PHY,PHY204,CHE262,CHE386,DST213
user1170,Ivan,MAT,DST274,BIO211,MAT357
user1171,Matt,MIS,BIO323,MAT190,CHE183,CSC150,MAT381,MAT307,PHY101,CSC308
user1172,Quinn,PHY,PHY172,MIS164,MAT285,PHY367,CSC313,DST166,MAT307,CSC346
user1173,Christopher,CSC,PHY187,CSC159,CSC105,PHY255,MIS324,BIO297,PHY386
user1174,Erik,MAT,CHE156,BIO344,DST120,PHY341,PHY265,MAT151,CHE251,MAT219,CHE241
user1175,Brooklyn,DST,MAT318,DST316,BIO291,BIO214,BIO254,MIS359
user1176,Luke,MAT,PHY245,PHY200,CSC324,DST261,CSC160,MIS142,CSC259,CHE289,MIS127
user1177,Leah,DST,MAT340,MIS125,MAT386,CHE358,CSC194
user1178,Drew,CHE,BIO142,PHY193,CSC300,BIO131,PHY187,MAT365,MAT374,DST353
user1179,Jacob,DST,BIO328,PHY306,MAT392,DST287,BIO259,CHE367,DST278,DST204,MAT316
user1180,Xera,MIS,BIO371,MIS124,CHE367
user1181,Josh,PHY,PHY238
user1182,Jeffrey,BIO,MIS159,DST241,PHY234,PHY366
user1183,Luis,MAT,BIO306,MIS259,CSC382,PHY159,MIS346,CHE154,BIO294,DST122
user1184,Zach,BIO,CSC134,CSC189,CSC316,MIS173,CSC140,MAT285,DST146,BIO273
user1185,Linus,BIO,PHY261,CSC181,CHE156,CHE138,MIS353,BIO214,DST374
user1186,Tenley,DST,MAT331
user1187,Xera,MAT,BIO274,CSC397
user1188,Ivan,CSC,CSC110,DST367,MAT266,MAT164
user1189,Mayali,CHE,DST263
user1190,Jeffrey,PHY,CHE295,CSC328,MIS177,MAT201,MIS129,CHE220,DST314
user1191,Ryan,MAT,DST330,DST235,PHY249,MAT284
user1192,Joshua,MAT,MAT106,CSC350,BIO294,CSC116,DST207
user1193,Rahma,MIS,DST297,CHE364,DST256,MAT243
user1194,Zach,CSC,MIS343
user1195,Xera,MAT,DST316,CSC217,DST173,MIS302,PHY245
user1196,Sergio,MIS,MAT164,DST251,MAT166,MAT294,DST276,CHE199,CHE134,CHE398
user1197,Walta,DST,MIS175,DST270,CHE202,BIO178,DST270,DST338,MAT244,CSC165,BIO246
user1198,Adnan,CSC,MIS164,MIS252,CSC116,MIS226
user1199,Jake,MAT,CSC326,CHE380,MAT265,DST273,MIS387,BIO276,CSC171
user1200,Kevin,MAT,MAT353,DST177,CSC339,CSC189,MAT349,CHE282,CSC391
user1201,Collin,CHE,MAT326,MIS362,PHY112,DST214,DST176,DST267,MAT330,PHY254,CHE263
user1202,Max,CSC,CSC231,MAT126,DST129,MIS376,CHE159,MIS221,CSC339,DST201,CSC261
user1203,Luke,CHE,BIO332,PHY122,DST327,MAT305,CSC296,CSC378,PHY267
user1204,Max,DST,CSC235,CHE358,BIO336,PHY106,MIS200,MIS156
user1205,Joshua,PHY,DST185,PHY246,DST298,CHE110
user1206,Esmeralda,DST,CHE282,CSC221,CSC399,BIO229,DST136,CSC125
user1207,Erik,MIS,MAT205,BIO257,CSC251
user1208,Max,CHE,BIO190,DST139,MAT112,DST377,CSC382,DST203,DST163,MAT246
user1209,Luis,BIO,CSC355,CSC181,CHE391
user1210,Lucy,PHY,DST143,MAT340,BIO254,CHE241,MAT257,PHY150,BIO224
user1211,Emily,PHY,MAT271,CSC166,CHE181,MIS274,CHE398,DST348,CSC316,MAT213,CHE297
user1212,Moua,MIS,CSC323
user1213,Krystal,MAT,MIS258
user1214,Luke,BIO,CHE315,BIO397,CHE116,BIO248,MAT399,MAT176,CHE228
user1215,Moua,MAT,PHY197,CHE110,DST104,MIS107,CHE333,CHE337,MAT336,MAT385,CHE214
user1216,Vivika,CHE,DST117
user1217,Rahma,DST,CSC248,PHY119,CHE111,DST174,PHY291,MAT295
user1218,Vinny,MIS,CSC153,MAT309,BIO134,MAT276,MAT107,BIO206,PHY241,BIO291,MIS318
user1219,Doua,CHE,MAT116,MAT133,BIO388
user1220,Anna,BIO,PHY262,BIO154,BIO349,CHE163,CHE195
user1221,Walta,PHY,MAT162,MAT199,CHE359,PHY399,CHE318,CSC167,BIO300,MAT342,CSC285
user1222,Brian,DST,DST222,CSC283,MAT179
user1223,Ridwan,CSC,MIS376,MAT263,MIS233,CSC123,CSC342
user1224,Matthew,CHE,PHY374,DST369,MAT309,CSC242,CSC372,CHE104,DST159
user1225,Taha,MIS,MIS395,CSC221
user1226,Khadro,PHY,CSC224,CSC285,MIS196,MAT116,BIO111
user1227,Keiran,CSC,CHE184
user1228,Ly,DST,DST212
user1229,Ridwan,BIO,MAT372,CHE350
user1230,Keenan,PHY,MAT372,DST264,MIS232,PHY128,CHE272,MAT162,BIO318
user1231,Karen,MIS,MIS146,PHY252,CSC291,DST132,BIO283,MAT197
user1232,Muna,CSC,CHE177
user1233,Ari,MIS,BIO173,CHE353,CSC286,CHE267,BIO328,CHE272,CHE326,PHY373
user1234,Zakaria,MIS,CSC219,CSC373,CSC278,MAT397,MIS200,BIO295
user1235,Karen,MAT,MIS122,MAT343,MIS234,PHY380,MAT365,CHE271,DST107
user1236,Jason,CHE,MIS349,PHY100,DST339
user1237,Halah,MAT,MAT345,BIO287,PHY326,CHE322,DST382,DST383,CSC115,PHY134,CSC242
user1238,Ridwan,CSC,DST118,PHY208,BIO144,BIO102,CHE353,DST368,CHE295,CHE268
user1239,Zakaria,CSC,CHE166,DST112,MAT200,DST124
user1240,Katelynn,BIO,CHE178,DST141,MAT296,CHE232,PHY191,MAT126
user1241,Chelsey,MAT,DST348,CHE343,BIO243,MAT309,MIS243,BIO288,DST309,CSC332
user1242,Katelynn,MAT,CSC223,MAT188,DST397,PHY377,DST319,DST102,CHE119,CSC357,CHE359
user1243,Keiran,MIS,CHE399,BIO293,CHE259
user1244,Ridwan,MAT,MIS332,BIO121
user1245,Miriam,CSC,CHE143,MAT397,CHE261,MIS269
user1246,Karen,DST,MAT300,MIS278,CSC250,PHY303,MIS164,MAT110,DST300
user1247,Corey,CSC,DST238,MIS107,MAT310,MIS141,MAT394
user1248,Max,MAT,BIO318
user1249,Keenan,CHE,MIS350,BIO157,MAT306,MIS337
user1250,Yuva,MAT,MAT363,CSC374
user1251,Matt,CHE,BIO282,MAT118,MIS131,MAT146,MIS231,DST108,PHY357,PHY368
user1252,Odin,MIS,DST312,CSC109,MIS371,DST253,MIS209,DST162
user1253,Nikita,PHY,MIS332
user1254,Yuva,PHY,BIO380,MIS321,MIS372,CHE386,MAT370
user1255,Fatima,MAT,MAT169
user1256,Taha,MIS,MAT246
user1257,Jacob,CHE,CHE115,CSC182
user1258,Sergio,MIS,CSC128,PHY203,BIO291,CHE211,CSC135,MAT244,PHY196
user1259,Ceazar,CSC,BIO368,MIS302,DST291,BIO342,PHY241,DST271,BIO103,PHY325,CHE211
user1260,Esmeralda,MAT,PHY139,BIO288,MIS137
user1261,Lucy,MAT,CHE273
user1262,Khaalid,MAT,MAT163,MAT118
user1263,Stephanie,MAT,MAT130,PHY137,DST282,PHY306,CHE304,MIS311,PHY334,MAT182,MAT332
user1264,Vincent,MIS,BIO342
user1265,Stephanie,DST,CHE321,DST178,PHY135,CHE335,MIS300,DST328,MAT272
user1266,Chelsey,PHY,DST165,DST294
user1267,Miriam,MAT,CSC389,DST222,CSC260,PHY333,CSC191,DST117,MAT186,MIS200,PHY273
user1268,Derek,BIO,CHE196,MIS358,MIS330
user1269,Vinny,DST,DST172
user1270,Kodjo,PHY,BIO373,CSC350,DST351,BIO205,BIO153,PHY287,MAT326,CHE337,PHY311
user1271,Elisha,CHE,DST276,MAT147,DST124
user1272,Doua,MIS,BIO185,CSC203
user1273,Mohamed,PHY,CSC137,DST368
user1274,Awal,MIS,CHE186,PHY293,MAT285,BIO143,PHY373,DST231,BIO331,MIS138,BIO377
user1275,Guleid,MIS,PHY209,DST332,DST202,MIS203,BIO133,MAT157,PHY239
user1276,Kebba,BIO,CHE371,CHE381,BIO261,DST133,CSC393,MIS306
user1277,Zak,PHY,MAT223,BIO215,MIS376
user1278,Muna,PHY,MAT110,CHE192,DST104,CSC184,MAT378,MAT231
user1279,Xeng,MAT,MAT390
user1280,Hannah,DST,MAT265,MAT143,BIO186,DST233
user1281,Bailey,MIS,MIS113,CSC252,DST250
user1282,Saryn,CSC,CSC361,BIO117,CSC202,BIO202,MIS193
user1283,Jake,MIS,CHE193,CHE268,MIS258,BIO389
user1284,Muna,CSC,CSC171,BIO123,BIO203,DST315,BIO139,CSC162,DST230,CSC145,MIS328
user1285,Fatima,CHE,DST268,MIS305,CSC180
user1286,Jaron,PHY,CSC354,MIS333,BIO170,MAT168,CSC380,DST146,MAT373,MAT277
user1287,Vincent,CHE,BIO382,MIS338,MAT119,MAT257,DST342,DST258,DST278,DST113,BIO173
user1288,Matthew,PHY,CSC170,CHE320,PHY181,DST377
user1289,Najma,CSC,PHY150,MAT167,MIS127,BIO281,MIS329,MAT101,MIS199,CSC284
user1290,Brooklyn,BIO,DST350,MIS106,MAT200,MAT394,CSC336,MIS191
user1291,Joshua,CSC,MIS353,CHE107,PHY197,MIS190,CHE150,DST269,MAT124
user1292,Ethan,MIS,BIO147,MAT253,PHY244
user1293,Faiaz,CSC,BIO173,MIS307
user1294,Ridwan,PHY,MIS174,CSC328,MIS232,MIS329,MAT370,CHE262,CHE251,BIO202
user1295,Everett,PHY,BIO181,MAT237
user1296,Adnan,MAT,PHY266,CSC358
user1297,Mohamed,CSC,DST312
user1298,Moua,DST,MAT279,CSC129,CHE215,PHY171,CHE322,BIO142,CHE316,CSC338,DST181
user1299,Ermais,DST,DST117,MIS340,BIO335,CHE144,MIS235,PHY398,BIO136,BIO329
user1300,Tommy,MAT,CSC246
user1301,Everett,DST,BIO268,CHE233,MAT394
user1302,Miguel,CHE,MIS311,MAT356
user1303,Dori,MAT,MIS107,BIO356,DST166,BIO102,MIS110,CHE357,MIS278
user1304,Ethan,MIS,CSC278,CSC395,PHY274
user1305,Zach,MIS,PHY296
user1306,Quinn,PHY,DST289,BIO282,MAT369
user1307,Odin,BIO,MIS144,DST182,CHE215,BIO364,BIO251,MIS136,CHE107,CSC217
user1308,Miriam,CSC,BIO202
user1309,Brian,CHE,BIO276,MIS120,MIS171,MIS348,MIS186,MIS166,PHY129,CSC269,MAT316
user1310,Elisha,MIS,CHE356,MAT334,CHE131,CSC156,CSC306,CHE308,BIO276
user1311,Mohamed,CHE,MAT127
user1312,Adna,PHY,MAT379,CHE332
user1313,Drew,DST,DST370,DST338,DST104,MAT258,BIO273
user1314,Zach,PHY,BIO122,MIS213,BIO347
user1315,Amaal,PHY,MIS101,DST391,PHY180,CSC160,PHY136,PHY111,MIS112,CSC131
user1316,Matthew,BIO,MAT371,BIO370,PHY176,CHE124,PHY249,CSC106,DST192,MIS308
user1317,Keiran,CSC,PHY148,MAT155,CSC148,MIS307
user1318,Faiaz,PHY,BIO307,MIS273,CHE116,MIS363,BIO385,MAT193,DST249,PHY246,MIS363
user1319,Talib,BIO,CHE330,MIS367
user1320,Chelsey,DST,CHE224,CSC106,PHY322,CHE258,MIS314,MAT196,PHY348,BIO132
user1321,Mitchell,CHE,DST305,PHY146,DST267,MAT369,MIS361,MIS371,DST287,DST365
user1322,Jason,MAT,CSC298,MAT309,DST111,BIO183,MIS260,MIS228,CSC190,MAT321,DST139
user1323,Karen,CSC,MAT397,DST110,MIS177,PHY394,MIS326,CSC354,BIO266
user1324,Miriam,CHE,MAT145,CSC313
user1325,Leah,PHY,PHY321,PHY283,CHE226
user1326,Ayden,DST,CSC253,DST215,CHE373,CHE342,DST309,CSC220,PHY177
user1327,Miriam,BIO,CHE399
user1328,Joshua,CHE,MIS191
user1329,Amina,CHE,CHE373,CHE194,DST118,CSC300,CSC241
user1330,Mohamed,MIS,MIS388,MIS344
user1331,Nikita,MAT,MIS391,CHE200
user1332,Karen,MAT,DST192,CHE279,MAT384,PHY149,CHE147,MAT175,BIO329,MIS283
user1333,Timothy,PHY,MIS172,DST250,DST102,BIO174,MAT173,BIO385,BIO174
user1334,Brian,CSC,CSC250,MAT181,CSC249
user1335,Nathan,BIO,CSC174,MIS231,BIO329
user1336,Keiran,CSC,PHY213,CHE202
user1337,Eric,CHE,PHY148,PHY339,CSC273,PHY260,MIS301,PHY242,CHE143
user1338,Leban,MIS,PHY117,CHE175,CSC238,BIO127,BIO205,DST106
user1339,Ceazar,DST,CSC212,MAT101,PHY329,DST296,MAT121,MAT364,MAT263,PHY137
user1340,Emily,MIS,BIO306,DST205,PHY177,CHE151,CHE346,MIS258,MAT128
user1341,Alinase,MIS,DST202,MAT358,PHY206,MIS369
user1342,Aisha,MIS,MAT288,CSC378,PHY185,MAT305,MIS327,CSC258
user1343,Chris,CSC,MAT167,MAT352,CSC214,CHE349,BIO240
user1344,Jason,MIS,PHY128
user1345,Zakaria,DST,CHE144,DST228,PHY121,PHY303
user1346,Najma,PHY,BIO207,BIO258,CSC188,MIS283,PHY135,CSC148,CHE152,MIS352
user1347,Erica,DST,DST382,DST286,MIS267,MAT286,CSC220,MAT290
user1348,Mitchell,BIO,PHY166
user1349,Tommy,BIO,DST172,PHY115
user1350,Tenley,CSC,CSC300,PHY374,PHY166
user1351,Jeffrey,CHE,MAT246
user1352,Brooklyn,CSC,CHE334,BIO352,MIS192,PHY138
user1353,Brandon,MAT,MIS347,BIO192,MAT280,BIO221,MAT342
user1354,Amina,MIS,PHY261,BIO398,PHY356
user1355,Josh,CHE,DST197,CHE239,BIO139,CHE136,MAT343,BIO196,MIS114,CHE166,BIO162
user1356,Moua,CSC,CHE360,CHE327,PHY294
user1357,Miguel,CSC,MIS216,DST356,MIS372,MAT323,CSC117,CSC393,BIO215,DST340,CSC320
user1358,Pao,PHY,MIS136,PHY383,CSC300,MAT392
user1359,Tenley,CSC,DST237,CSC101,MAT378,PHY118,CSC320,MAT296,BIO162
user1360,Betelehem,MAT,MAT154,BIO283,BIO332,CHE131,MIS202,MIS187,BIO296,BIO187
user1361,Erica,BIO,BIO289,CSC375,MAT150,DST194,CSC118
user1362,Erica,CHE,PHY201,CHE373,DST262,MIS101,CHE284,BIO354,CHE305
user1363,Faiaz,CHE,BIO274,CHE108,CSC388,PHY243,CSC267
user1364,Xeng,DST,CHE165,CSC380,MAT242,CSC234,PHY134,BIO294,MAT217
user1365,Eric,CSC,CSC316,CHE135,BIO325,DST337,MIS261,MAT188
user1366,Elisha,CHE,DST393,BIO313,CHE126
user1367,Pavel,MAT,CHE318
user1368,Eric,DST,CHE223,MIS316,CSC370,CSC103,MIS326,MIS330,MAT358
user1369,Jason,BIO,CHE328,PHY392
user1370,Kevin,BIO,PHY102,CSC189,CSC270,BIO171,MIS296
user1371,Matt,CSC,MAT207,CHE208,MAT376,MAT195,PHY199,CHE384,CSC145,DST264,CHE211
user1372,Nathan,MAT,PHY358,CSC154,MAT267,MIS276,MAT265,CSC249,MIS180
user1373,Matt,CHE,CHE181,CHE289,CHE296,MAT327
user1374,Sergio,DST,PHY153,MIS124,CSC196,BIO294,MAT113,CSC264,PHY309,CSC268,CSC164
user1375,Hamsa,CHE,DST229,PHY264,PHY115,BIO230
user1376,Andy,DST,CSC305,CHE202,CHE358,BIO358,PHY312,MAT103,DST194
user1377,Kwadwo,CSC,BIO124
user1378,Christopher,PHY,MIS396,CSC111,CSC282,PHY364,MIS205
user1379,Amina,BIO,DST349,DST120,MIS205,CSC338,MIS130,CHE172
user1380,Erica,DST,BIO278
user1381,Awal,CHE,CHE349
user1382,Drew,CSC,MIS297,PHY181,CSC363,MIS341,BIO371,CHE337,MAT141
user1383,Tommy,BIO,MIS295
user1384,Romeo,DST,CSC263
user1385,Chris,CSC,BIO324,MIS216,CSC366,CSC277
user1386,Jeffrey,PHY,BIO161,BIO364,CHE354,CSC256,CHE168,CHE205
user1387,Josh,CHE,MAT207,DST150
user1388,Mackenzie,PHY,MIS141,MAT269,DST187,CSC295,CSC291
user1389,Zak,CSC,DST269,MAT216,BIO143,MIS218
user1390,Saryn,MIS,BIO363
user1391,Jamila,BIO,CSC280,CHE237,MIS369,CSC387,DST281,DST112,DST225,MIS273
user1392,Luis,BIO,MAT325,BIO320,CHE331,CHE242,MAT317,MIS333,MIS398,DST298
user1393,Joshua,BIO,BIO333,DST344
user1394,Moua,CHE,CSC337
user1395,Emily,MIS,CHE254
user1396,Ethan,DST,MIS140,DST255
user1397,Odin,MAT,CSC121,PHY102
user1398,Halah,PHY,MIS190,CSC384,PHY391
user1399,Hannah,MAT,MAT241
user1400,Ethan,PHY,CSC160,BIO355,MIS266,CSC212
user1401,Taha,MIS,CHE279,MIS254,CSC310,CHE286,CSC281,MIS107,BIO338,BIO176,CSC105
user1402,Faiaz,MAT,PHY105,CHE376,CSC250,CSC348
user1403,Ly,MIS,DST199,BIO340,DST291,PHY346,DST144,PHY268
user1404,Jake,MIS,DST161,MIS103,PHY188,MIS371,CHE332,PHY214
user1405,Erik,DST,CHE354,CHE296,MAT269,MIS198,CSC285,BIO364,BIO398,BIO201,MAT391
user1406,Liban,CSC,MIS144,MAT298
user1407,Jamila,BIO,BIO118,DST396,PHY398,DST295,CSC178,MAT157,CSC259,MIS376,MAT299
user1408,Chelsey,MAT,MIS165,MAT167
user1409,Erik,MAT,MIS143,CSC128,MAT125,CSC101,CHE311,BIO106,DST290,MIS399
user1410,Ariana,CHE,PHY158,DST301,BIO211
user1411,Kebba,MIS,PHY317,CSC195,PHY173,CSC227,CSC306,MAT360,DST217,DST188
user1412,Talib,BIO,CSC288
user1413,Khaalid,PHY,PHY305,DST317,MAT328,CSC149,DST127,CSC218,MAT174,MAT336
user1414,Kebba,MIS,CSC231,MAT237,DST296,MIS272,MAT348,CHE113,CHE278,PHY221,PHY196
user1415,Kevin,CSC,DST176,PHY374,CSC188,MIS240,PHY310,MIS388
user1416,Doua,DST,CHE354
user1417,Halah,CHE,PHY315,DST301,DST318,PHY261,MIS353,MAT330
user1418,Amy,MAT,CSC275,BIO377,DST298
user1419,Ceazar,CHE,CSC281,DST151,BIO191,CSC156,MAT326
user1420,Krystal,PHY,BIO199,PHY326,MAT208,MIS368,CSC248,CSC324,PHY157,DST363
user1421,Hamsa,MAT,CSC307
user1422,Ridwan,BIO,MIS219,BIO211,PHY335,DST370,CHE311,MIS142,BIO254
user1423,Luis,BIO,MAT111,CSC200,MAT157,CHE184,BIO355,MIS103,MAT116,CHE149,CHE105
user1424,Jeffrey,PHY,BIO134,MIS208,PHY284,PHY175,MAT216
user1425,Josh,DST,PHY296,PHY377,CSC341
user1426,Lucy,MAT,CHE384,CSC318,MAT256,PHY301,CHE193
user1427,Keiran,CHE,CSC131,MAT133,CSC313,MIS362,CHE237,CHE380,MIS375,BIO103,MAT286
user1428,Sundus,DST,PHY213,DST286,MIS260,DST327,MIS194,MAT305,CSC265,CSC269,DST393
user1429,Najma,CHE,PHY338,CSC266,DST326
user1430,Gabriel,MIS,MIS167,CSC304,PHY346,CHE386,CHE154,PHY214,MIS338
user1431,Keenan,MAT,CHE367,BIO252,PHY392,CHE302,PHY367,PHY336,CSC295
user1432,Yuva,MIS,MAT258
user1433,Luis,BIO,PHY178,MIS272,MIS273,PHY185,BIO359,CSC134,CHE333,MAT197
user1434,Guleid,DST,BIO156,CHE173,CSC184
user1435,Hannah,DST,PHY389,DST227,MIS219,MAT217,CSC225,CHE305,PHY358,BIO354,PHY286
user1436,Xera,BIO,BIO336,MIS368,CHE266,DST313,CHE217,CSC159,PHY202
user1437,Sean,BIO,MIS350,CHE121,CSC127,CHE280,PHY144
user1438,Romeo,DST,CSC257,BIO183
user1439,Mohamed,DST,BIO174,MAT393,CHE305,CSC275,CSC379,BIO169
user1440,Adna,CSC,CSC296,CHE159,MIS257,PHY313
user1441,Nathan,CHE,DST132,CHE307,DST263
user1442,Collin,PHY,PHY159,MIS337,MAT107
user1443,Ella,DST,BIO303
user1444,Derek,MAT,DST138,PHY137,PHY112,DST391,MIS122,PHY355,DST152,CSC367
user1445,Ryan,CHE,MIS313,BIO125,MAT256
user1446,Hamsa,MAT,MIS100,PHY131,MAT148,DST396,CSC301,BIO139,PHY112,MIS241
user1447,Rahma,BIO,MIS376,CHE199
user1448,Long,CHE,BIO147,CHE370,MAT195,DST392
user1449,Emily,DST,PHY311
user1450,Walta,CHE,PHY396,DST104,DST235,DST389,CSC164,CSC317,PHY183
user1451,Sergio,PHY,CSC265,MAT174,MIS250,PHY177,MAT307,DST352
user1452,Matthew,PHY,DST240,MIS267
user1453,Taha,DST,DST181,BIO263,CSC292
user1454,Matt,CHE,BIO274,CSC124,CSC365
user1455,Khalid,PHY,CSC129,CHE183,MAT258,PHY373,MAT368,PHY279,BIO158,CHE182,CHE123
user1456,Zakaria,DST,MAT223,MAT189,MAT374
user1457,Xera,PHY,CSC143,DST272,PHY382
user1458,Ivie,BIO,MAT184,DST157,CSC279,MAT161,CSC298,BIO285,BIO137
user1459,Muna,PHY,MAT364,CHE272,MAT200,MAT327
user1460,Ryan,PHY,CHE384,MIS249,CSC136
user1461,Amina,DST,CHE178,PHY152,MIS263
user1462,Adnan,DST,CHE346
user1463,Jocelyn,DST,BIO139,MAT287,CHE366,PHY311,CHE296,BIO250,CSC340,MIS321
user1464,Erica,DST,BIO391,BIO144,CSC397,DST377,BIO386,MAT260,PHY154
user1465,Adna,CHE,MAT260,CSC327,BIO231,MAT345,BIO218,DST183,MAT383,CSC175
user1466,Halah,DST,BIO253,CHE340,MAT223,PHY210,CSC244,BIO173,MIS206,MIS126,CHE313
user1467,Kevin,CSC,MAT124
user1468,Stephanie,MAT,CSC159,PHY284,CSC236,DST114,MIS264,MIS248,CSC211,MIS263,PHY192
user1469,Sumayyah,PHY,MAT342,DST192,MIS334,BIO370,PHY225
user1470,Betelehem,CSC,PHY108,MAT306,CSC390
user1471,Jason,MAT,MIS340,MIS134,CSC148
user1472,Alinase,BIO,MAT130,BIO331,DST181
user1473,Vivika,MIS,BIO268,PHY391
user1474,Luis,MIS,MIS321,MAT310
user1475,Quinn,DST,CSC368,PHY306,CSC390,MAT303,PHY388,MIS163,CSC151
user1476,Kebba,MIS,CSC389,CSC242,MIS146,MAT158
user1477,Mohamed,MIS,PHY324,DST106,MIS163,CHE149
user1478,Elisha,MIS,MAT170,CSC193,DST333,BIO155
user1479,Ivan,DST,CSC366,PHY303,CSC158,PHY125,MIS218,BIO348
user1480,Mohamed,DST,CHE331,BIO294,MIS248,MIS239,MAT392,BIO240,DST228,CSC298,DST222
user1481,Ivie,PHY,CHE384,MAT278
user1482,Zakaria,PHY,CHE150
user1483,Brooklyn,PHY,DST123,CSC363,MIS165,BIO131,MAT333,DST280,BIO371
user1484,Brandon,MIS,MIS240,MIS300
user1485,Bailey,CHE,DST296,CHE375
user1486,Halah,CSC,DST376,CHE111,PHY233,DST381,CSC398,MIS101
user1487,Emily,PHY,DST184,MAT167,CSC158,MIS123
user1488,Liban,CSC,MAT287,CHE179,PHY220,BIO277
user1489,Emily,CSC,MAT114,CHE137,PHY239,MAT259,CHE120,MIS396,MAT337
user1490,Jacob,DST,PHY142,PHY103,BIO226,MIS353,DST112,PHY159
user1491,Ivan,PHY,DST204,PHY376,MAT163,DST293
user1492,Ridwan,CHE,BIO278,CHE250,MIS249,PHY325
user1493,Betelehem,CHE,CSC360,BIO318,MAT350,DST393
user1494,Amina,MIS,MAT383,CSC118,DST282,BIO371,MAT197
user1495,Jamila,BIO,MIS177,CSC357,MAT310
user1496,Ethan,MIS,BIO208,PHY341,MAT389,MAT120,PHY383,DST255,CHE190,MIS183
user1497,Brandon,MIS,BIO394,DST269,MAT340
user1498,Chris,DST,DST342,MIS369,CHE351,BIO389,MAT160,PHY298,MAT220,PHY275,CHE310
user1499,Elias,MAT,MIS263,BIO275
user1500,Everett,DST,BIO126,MIS255,BIO158
user1501,Sadaq,CSC,MAT205,MIS334,CSC216,CSC185
user1502,Luis,DST,CHE192,MAT273,PHY119,CHE236,MIS133,DST389,MIS114,MAT382,MIS346
user1503,Eric,MAT,BIO385,MAT338,CSC348,CHE258,BIO332,DST259
user1504,Liban,MIS,BIO361,PHY295,CSC174,DST270,CHE173,MAT358
user1505,Liban,BIO,CSC116,MIS257,PHY240,CSC384
user1506,Tommy,MAT,CSC275,CSC127,MAT279,PHY320
user1507,Jaron,MIS,BIO197,PHY262,BIO315,DST245,CHE388,CSC127,MAT225,CHE389,BIO246
user1508,Zakaria,CHE,PHY259,CHE132,MIS105,BIO262,CHE359,CSC385,CSC348,MAT177
user1509,Elliott,MIS,PHY213,MAT126
user1510,Andy,MIS,DST347,MAT212,DST113
user1511,Miguel,MIS,BIO385,PHY239,MAT149,MAT305,CHE221,MAT226
user1512,Linus,CHE,CHE145
user1513,Sean,DST,PHY183,MIS195,CHE106,DST302,DST146
user1514,Keenan,CSC,MIS375,PHY102,CHE338,DST149
user1515,Matt,CHE,MIS375,CHE226
user1516,Collin,DST,MAT208,CHE236,BIO288,PHY244,CHE251,MIS391,PHY270
user1517,Walta,PHY,DST141,MIS394,CHE274
user1518,Kevin,PHY,MIS373,CHE210,MAT340,CSC163,MAT368,PHY225,DST338,CSC146
user1519,Joshua,PHY,MIS206,BIO228,BIO300,PHY236,PHY257,PHY204,MAT135,BIO338,CHE130
user1520,Abdi,CHE,BIO290,MIS147,CHE387,CHE353,BIO369
user1521,Chris,PHY,PHY147,BIO229,CHE253,BIO300
user1522,Long,MAT,MAT391,CHE321,DST368,PHY180,BIO230,MIS220
user1523,Sergio,BIO,CSC315,MAT364,MIS232,DST117,PHY345,DST367,PHY338,CHE254
user1524,Jocelyn,MIS,PHY373,PHY156,CHE225,BIO290,CSC292,BIO338,CHE341,MIS266
user1525,Linus,DST,CHE369,CSC350,DST240,CSC212,CSC274,MIS175,MIS240,DST133,DST110
user1526,Collin,PHY,BIO322,BIO385,MIS154
user1527,Long,MAT,CSC118,PHY221,MAT202
user1528,Josh,BIO,DST135,BIO192,CHE122,MIS268,PHY325,BIO105,DST381,BIO315
user1529,Fatima,MIS,MAT158,DST303,DST362,DST397,MIS127,BIO395,CHE339,BIO335
user1530,Andy,PHY,BIO257,PHY354,MIS341,DST198,PHY383,PHY189,MAT268,MIS342
user1531,Skyler,DST,MAT246,PHY106,PHY149,BIO388,CSC121,PHY191,MIS294,MAT234
user1532,Matthew,MIS,CSC356,DST175,MAT383
user1533,Brian,DST,CSC218,CHE322,CHE368,CHE134
user1534,Halah,DST,CSC301,DST152,MIS127,DST166,CHE207,PHY331,CHE265,CHE292
user1535,Anna,MAT,CHE168
user1536,Ryan,BIO,MIS306,MAT211,BIO330,MIS379
user1537,Zakaria,CSC,CSC275,BIO116,DST286,MAT191,CSC391
user1538,Pao,PHY,DST138
user1539,Aisha,MIS,MAT215,MAT136,DST385,DST213,BIO347,BIO124,CHE177,CSC238,DST354
user1540,Miriam,MIS,CHE250,CSC254,CHE335,PHY334,MAT206,CSC341,MIS208,CSC268,MAT393
user1541,Joshua,CSC,DST163,BIO105,CSC358,PHY386
user1542,Tommy,DST,MAT256,BIO294
user1543,Kevin,MAT,MIS149,PHY242,BIO320,PHY339,CHE332,PHY175
user1544,Jeffrey,CHE,CSC212,MAT164,DST219
user1545,Luke,BIO,BIO393,DST124,MIS378
user1546,Ayden,CSC,DST226,MAT376,PHY326,MIS297,CHE210
user1547,Matt,MAT,PHY396,CHE284,PHY110,MAT155
user1548,Taha,MAT,PHY203,DST384,MAT247
user1549,Joshua,MAT,CHE305,CHE392,DST313,MAT308,DST266,MIS299
user1550,Matthew,MAT,DST177,CSC116,BIO371,PHY236,PHY107,MIS289,BIO260
user1551,Gabriel,MAT,MAT365,PHY161,MAT262,PHY128,MAT395,MAT311,MIS212,CSC311
user1552,Adnan,PHY,BIO154
user1553,Ella,CHE,DST172,PHY283,MIS253,PHY241,BIO186,MAT104,PHY351,PHY271
user1554,Xera,BIO,PHY363,CSC345,PHY274,CSC306,MAT277
user1555,Katelynn,MAT,CHE154,PHY302
user1556,Mayali,BIO,CHE342,BIO380,MAT373,DST344,CHE173,CHE395,MIS174,DST382,MIS373
user1557,Zak,BIO,CSC102
user1558,Hannah,BIO,MIS273,MAT283,MAT327,BIO314,BIO125,CSC289,CSC108,MAT268
user1559,Doua,MAT,MAT307,CSC344,PHY259
user1560,Jacob,MAT,BIO187,MAT340,CHE335,MIS344
user1561,Ella,PHY,MIS188,MIS121,MAT234,BIO302,MAT274
user1562,Justin,CHE,MAT371,PHY286,CSC113,CHE376,BIO385,CHE222,PHY318,PHY329
user1563,Faiaz,PHY,PHY323
user1564,Ayden,PHY,DST183
user1565,Elisha,CHE,BIO226,MAT296,CSC175
user1566,Sadaq,DST,DST204,BIO178,CHE241
user1567,Pavel,CHE,CSC228,DST251,MAT179,PHY334,CSC246,MIS140
user1568,Fatima,PHY,PHY124,CSC130,MIS252,PHY275,BIO303,CHE151,CSC260,CSC251,BIO349
user1569,Khalid,MIS,CHE141,CHE278
user1570,Sundus,DST,CSC304,CHE109,CHE394,CHE260,CHE136
user1571,Chelsey,MAT,CHE373,BIO330,BIO214,BIO230,DST228,MAT252
user1572,Katie,CSC,CSC161,DST216,PHY117,BIO281,MAT205
user1573,Derek,PHY,MAT348,CSC198,PHY277,PHY153,MAT152,BIO219,CSC286
user1574,Joshua,CHE,BIO270,DST220,PHY187,MAT144,MIS387,CSC236
user1575,Ryan,DST,BIO358,BIO292
user1576,Mitchell,MAT,PHY104,MAT193,MAT144,DST247,CSC351,DST149,BIO361
user1577,Ivan,BIO,DST362,PHY356,DST358,DST295,BIO299,MAT297,CHE194,PHY117,CHE354
user1578,Kebba,CSC,MAT127,MIS379,DST271,MAT166
user1579,Awal,MAT,DST386,MIS191,MIS273
user1580,Tenley,CHE,DST141,MAT169,DST304,CHE112,CSC337,CHE356
user1581,Andy,DST,MIS158,CSC232,MIS370,BIO317,DST365,CSC352
user1582,Krystal,PHY,CHE208,MAT156,CHE386,MAT265,MAT359
user1583,Ivan,MIS,CHE316,PHY267,PHY169,BIO300,DST276,MAT150,MIS160,CSC166
user1584,Ceazar,MIS,BIO122,CHE393,CHE109
user1585,Katelynn,PHY,CHE340,PHY191,MIS219,MIS286,CSC383,CSC391,BIO355,PHY109
user1586,Josh,MIS,DST206,BIO180,PHY100,MIS285,BIO158
user1587,Walta,CHE,CSC310,DST194,CHE164
user1588,Katelynn,MIS,MAT273,DST294,PHY392,CHE242,CHE385,MAT171
user1589,Xera,MIS,MIS336,PHY142,DST284,CHE291,MIS155,CHE273,CHE188,CHE185,MAT342
user1590,Keiran,DST,CHE243,MIS151,BIO122,CHE165,CSC330,PHY296
user1591,Gabriel,MIS,MAT386
user1592,Corey,CSC,CSC262,PHY142,CHE116,DST215
user1593,Adnan,CSC,MIS243,MIS294,CHE276,CSC347,MAT113
user1594,Kevin,DST,MAT265,CSC126,CSC243,PHY274,PHY390,DST228,DST268
user1595,Aisha,CSC,DST303,DST273,MAT345
user1596,Josh,DST,CSC306,BIO191,CSC272,CHE117
user1597,Ari,MIS,DST221,CSC313,MIS146,MIS206
user1598,Muna,BIO,CHE360,MIS146,CSC396,MIS114,BIO345
user1599,Ivie,DST,PHY170,CHE137
user1600,Chris,MIS,CSC391,BIO243
user1601,Amaal,BIO,MAT232,CHE348,CHE233
user1602,Keenan,PHY,CHE287,DST187,CSC357,MAT284,CHE273,BIO228,BIO225,CHE311
user1603,Josh,DST,MIS100,PHY392
user1604,Taha,MIS,PHY178,BIO285
user1605,Everett,MIS,CHE157,PHY323,PHY276
user1606,Jacob,PHY,BIO174,MIS145,MAT388
user1607,Romeo,MIS,BIO112,DST277,BIO220,BIO347,MAT147,CHE317,BIO289,PHY308,MIS215
user1608,Nikita,CSC,CSC234
user1609,Nikita,MAT,DST103,MAT222,CHE159,CHE160,CSC307
user1610,Moua,BIO,DST275,BIO166
user1611,Yuva,MAT,PHY280
user1612,Khadro,CSC,PHY327,CSC122,BIO256,CSC218,PHY372
user1613,Brooklyn,CSC,CSC193,MIS278,BIO233,MIS256,BIO314,DST379,CSC324,MIS228,BIO399
user1614,Sadaq,PHY,PHY266,MIS182,MAT161,MIS177,DST197
user1615,Long,CSC,MAT161,CHE344,PHY121,CHE272,PHY332,MAT257,MAT384,BIO188,MIS144
user1616,Luis,PHY,CSC113,PHY320,CHE165,MIS179,MIS120,MAT146
user1617,Adnan,BIO,BIO142,MIS356,CSC219
user1618,Gabriel,CHE,CSC190
user1619,Sadaq,MAT,PHY241,MIS136,BIO295,MIS230,MIS294,MIS325,MIS184,MIS298
user1620,Sadaq,DST,MAT293,PHY278
user1621,Khaalid,PHY,MIS272,PHY100,MAT353
user1622,Katelynn,MIS,MIS388,PHY109,DST349
user1623,Ethan,CHE,DST235,BIO137,BIO339,CSC159,PHY108,BIO376,BIO220,CSC189
user1624,Khalid,CSC,PHY166,MAT342,DST317,DST294,MAT219,CHE309,MIS366,CHE108,CHE302
user1625,Sadaq,MAT,CSC323,PHY381,DST295,CSC141,DST319,DST362,DST233,MAT247,MIS137
user1626,Rudwan,DST,PHY377,PHY352,DST117
user1627,Derek,DST,CHE304,CHE143,CSC226,MAT361,PHY188,CSC252
user1628,Gabriel,MAT,BIO159,CSC105,PHY279,MIS354,CHE383,CHE237,MIS354
user1629,Khadro,PHY,PHY221,CSC208,CSC326,MIS246,BIO123
user1630,Ivan,CHE,CHE385,MAT399,MAT146,CSC360,MIS260,PHY365,BIO112,CHE153,PHY285
user1631,Elisha,PHY,CSC132,PHY104
user1632,Ariana,MAT,CHE101,BIO174,DST100,CHE281,PHY346,BIO113,BIO153,MAT367,CHE333
user1633,Kodjo,MAT,BIO258,BIO191,PHY124,DST360,BIO201,BIO193,PHY336,PHY389
user1634,Taha,CHE,DST255
user1635,Ella,PHY,CHE182,BIO136,DST265,DST337,CHE111,MAT120
user1636,Adnan,MIS,CSC201,DST365
user1637,Thor,CHE,BIO272,MAT189
user1638,Timothy,PHY,CHE263,MAT351
user1639,Linus,CHE,BIO360,BIO233,MIS162
user1640,Adnan,PHY,MIS327
user1641,Jamila,DST,MIS260,MIS175
user1642,Hannah,DST,BIO378
user1643,Chris,MAT,BIO302,MAT120,MAT205,CHE132,CSC365,PHY212,MAT339,BIO255,BIO213
user1644,Rahma,CSC,CSC181,PHY329,DST164,MAT123,DST198,DST285,PHY258,PHY172
user1645,Talib,CSC,MAT306,CSC255,CSC198,CHE333,DST359,CSC147,BIO288,PHY374
user1646,Luis,PHY,MAT126,PHY330,BIO179
user1647,Kwadwo,PHY,PHY302,MAT318,BIO266,MIS364,BIO122,CHE212,BIO351
user1648,Leah,DST,DST101,BIO208,MAT306,MAT169
user1649,Stephanie,MAT,DST114,CSC381,DST198,DST240,CSC161,CHE359,PHY241,DST231,BIO140
user1650,Saryn,CSC,CSC263,DST268,CSC392
user1651,Doua,BIO,MIS216,DST209
user1652,Stephanie,BIO,DST140,MIS256,MAT297,BIO140,BIO372,MIS195
user1653,Ceazar,CHE,CHE353,CSC272,MIS177
user1654,Ceazar,CHE,BIO317
user1655,Mohamed,DST,CHE283,MAT313,MIS225,MAT111,CSC245,MIS127,BIO379
user1656,Keiran,CHE,CHE188,BIO303,BIO103
user1657,Joshua,MAT,BIO121
user1658,Jacob,BIO,MIS199,DST364,CHE102,CSC196,CSC140
user1659,Gabriel,DST,CHE374,BIO124
user1660,Amy,CSC,CHE247,DST293,CSC197,BIO339,DST110,DST348
user1661,Walta,MAT,MAT250
user1662,Zach,CSC,BIO244,MIS236,PHY198,DST215,PHY328,MIS327
user1663,Drew,DST,MAT264
user1664,Moua,BIO,DST358,MIS178
user1665,Amy,PHY,CSC113,BIO288
user1666,Bjorn,CSC,MAT196,PHY348,PHY256,CHE133,MIS396,CSC377
user1667,Taha,CSC,MAT371,MIS384,MIS321
user1668,Kwadwo,DST,PHY134,MIS375,CHE137,CHE143,BIO266,DST208
user1669,Vincent,BIO,PHY369,BIO337
user1670,Ivie,MIS,CHE244,BIO229,DST339,BIO325,CHE295,DST115,MAT157
user1671,Anna,CSC,BIO265,BIO327
user1672,Odin,BIO,MAT273,MAT188
user1673,Katelynn,BIO,MAT121,BIO257
user1674,Ivan,BIO,PHY340,CHE345,BIO329,BIO227,DST330
user1675,Gabriel,CHE,MAT180,CSC208,DST271,PHY280,PHY268
user1676,Sean,DST,MAT100
user1677,Everett,MAT,DST302,DST226,CHE277,CSC379
user1678,Johnny,MIS,CHE192,PHY110,BIO353,BIO180,PHY342,MAT110,MIS212,BIO108
user1679,Kwadwo,BIO,CHE354,MIS316,MAT376,BIO376
user1680,Corey,DST,PHY393,MIS101,CHE228,MIS307,CHE390,MIS168,BIO366
user1681,Liban,BIO,MIS165,CSC217,BIO188,CSC294,PHY218,CHE376,PHY339,DST283
user1682,Kwadwo,MIS,CHE341
user1683,Miguel,MIS,BIO223,MAT399,MAT120,MIS133,PHY185
user1684,Everett,MIS,MAT110
user1685,Liban,MIS,DST322,CSC139,PHY349,BIO383,MAT230,PHY183
user1686,Corey,BIO,CSC321
user1687,Josh,CSC,MIS224,MAT259
user1688,Ayden,PHY,DST115,PHY279
user1689,Khalid,CSC,CHE129,BIO349,MIS214,CHE156,MAT216,BIO348
user1690,Nikita,MAT,MAT305,CSC285,CSC300
user1691,Rudwan,MAT,CSC378,MAT325,CHE222,MIS194,DST285,MIS306
user1692,Eric,DST,CSC133,BIO191,CSC289,BIO277,MIS295,BIO253,BIO232
user1693,Fatima,MAT,MAT126,CHE345,CSC194,CSC270,MAT179,MIS370
user1694,Hannah,CHE,BIO259,DST277,BIO354
user1695,Rahma,DST,BIO252,MIS363,MIS352,DST245,CHE100,BIO223
user1696,Matt,DST,CHE170,MAT148,DST145
user1697,Christopher,BIO,CHE225,BIO213,PHY278,CSC399,CSC305
user1698,Guleid,DST,CSC221,MAT189,CSC306,DST124,CHE278,PHY101
user1699,Fatima,MIS,BIO112
user1700,Luis,DST,MAT130,DST357,MIS375,MIS149
user1701,Fatima,CHE,CHE209,PHY130,BIO331
user1702,Leah,CSC,CSC216,CHE218,DST291,CSC335,DST160,PHY169,CSC336
user1703,Saryn,CHE,CSC355
user1704,Amina,DST,MIS193,CHE133,PHY215,BIO210,MAT257,MAT188,MIS366
user1705,Jeffrey,CHE,DST259,MIS397,MAT106
user1706,Ryan,DST,CHE183,PHY186,DST365,BIO342
user1707,Esmeralda,MIS,MIS174,MIS104,MAT130,MIS129,PHY302,PHY289
user1708,Mohamud,MAT,DST248,MIS164,CSC227,CSC204,MAT254,CSC315,DST358,CHE340
user1709,Ayden,PHY,CSC165,PHY173,CSC249,MIS245
user1710,Sergio,DST,DST358,MAT295,CSC223,BIO257
user1711,Josh,DST,CSC264,CSC183,DST179,BIO288,PHY368,DST341,MIS139
user1712,Drew,DST,DST259,DST345,PHY387,CSC365,PHY249
user1713,Ryan,CHE,BIO295,MIS242
user1714,Stephanie,DST,CSC159,BIO146,MAT171
user1715,Adna,MAT,MIS136,PHY300,MIS238
user1716,Taha,CSC,CHE195,CSC134,DST328,MAT109,BIO251,DST334,MIS170
user1717,Muna,CSC,CSC100,PHY218,BIO226
user1718,Jason,PHY,DST327,BIO232,BIO287,PHY218,CSC322,MIS143
user1719,Lucy,DST,CSC293,PHY341,CHE103,CSC178,CHE312,MAT275,CHE227,CHE352,CSC377
user1720,Jeffrey,MAT,CSC112,PHY127,DST140,BIO304
user1721,Sumayyah,DST,MAT225
user1722,Vinny,DST,MAT291,CSC163,CHE331,CSC150,CHE113,MAT211,MIS162,PHY369
user1723,Mohamud,PHY,PHY317,CSC274,CHE199,MIS233,BIO362,CSC196,DST225,DST130
user1724,Vincent,PHY,CHE327,CSC345,MIS102
user1725,Skyler,MIS,BIO157,DST303,MIS263,BIO253,PHY329,PHY183,DST214,MIS241
user1726,Dori,MIS,BIO194,DST126,CSC146,DST209,MAT369,CSC138,PHY151
user1727,Brandon,CHE,DST104,MAT376,MIS114,PHY160,PHY392,MAT265,MIS391,PHY229,CHE219
user1728,Rudwan,CHE,MAT204,MAT349,CHE303,BIO187
user1729,Taha,DST,PHY383,PHY294,MAT299,CHE198
user1730,Ly,BIO,DST142,MIS325,MAT278,MIS242,DST113,PHY224,DST107,CHE196,PHY340
user1731,Linus,DST,MIS231,DST267,DST294,DST386,CHE377,DST211,CHE373,BIO248,CSC110
user1732,Taha,PHY,PHY360,MAT112,CHE339,CSC245,CHE258
user1733,Jake,PHY,DST215,PHY224,MIS151
user1734,Fatima,MAT,PHY312,PHY373
user1735,Angel,CHE,DST393,PHY237,MIS349,MIS251,MAT235,CHE168,CHE303,BIO218
user1736,Sundus,CHE,CSC207,BIO226,CHE297,CSC319,DST180,PHY338
user1737,Sundus,PHY,MIS232
user1738,Miriam,MAT,PHY177,CHE320,CSC393,BIO216,MAT256,BIO108
user1739,Andy,BIO,CSC226,CSC211
user1740,Ivie,MIS,CSC294,DST302,CHE288,CSC218
user1741,Jake,PHY,BIO126,CSC265,BIO193,BIO295,MAT280,CSC376
user1742,Brian,CHE,CSC238,PHY335,DST129,MAT166
user1743,Esmeralda,CHE,PHY373,PHY343,CSC261,DST190,CHE101,PHY126,CHE371,DST305
user1744,Josh,CHE,MAT376,DST347,CHE298,CSC272,CSC244
user1745,Sean,CHE,CSC323,DST201,MIS380,MAT359,BIO194,CHE237
user1746,Sumayyah,MAT,CSC242,BIO246,CHE371,MIS232,MAT189,BIO396,MAT220,MAT324
user1747,Quinn,MIS,CHE252,CHE242,MIS169,MAT333,MIS303,MIS180,DST243,MAT224
user1748,Gabriel,BIO,MAT365,CSC302,MIS257,MIS335,CSC341,CSC130
user1749,Taha,DST,BIO310,MAT310,CSC272,BIO355,PHY196,MAT119
user1750,Vincent,CHE,CHE348,CHE397
user1751,Asli,CHE,BIO161,CSC203,BIO209,DST331,CSC300,CHE147,DST327
user1752,Josh,MAT,PHY136,CSC337,CSC378,CSC194
user1753,Katie,BIO,DST235
user1754,Keenan,DST,CHE328,BIO175,BIO223,DST224,CHE143,CHE139
user1755,Vincent,CHE,CSC219,MIS330,PHY303
user1756,Adnan,CSC,BIO212,MIS329,MIS284
user1757,Jocelyn,BIO,MAT318,PHY356
user1758,Amy,CHE,MAT331,BIO119,PHY397,CHE370,PHY313,MAT217
user1759,Kevin,PHY,CHE183,MIS285,CSC124,DST195,BIO385,PHY285,CSC399,PHY176,MAT202
user1760,Christopher,MAT,MAT284,DST312,DST324,MIS201,CHE247,CSC182
user1761,Pavel,CHE,MIS235,MAT261,MIS224,DST260
user1762,Jamila,BIO,PHY173,PHY208
user1763,Elias,CSC,MAT378,DST399,MAT273,CSC185,DST279,MIS212,CHE188,MAT197
user1764,Mohamud,CHE,MAT317,MIS291,PHY197
user1765,Christopher,CHE,CSC364,BIO398,DST255,CSC366,MIS380,DST201
user1766,Brandon,DST,CHE269,CHE130
user1767,Rudwan,MIS,CHE273,CHE262,PHY238,DST133,MIS191,PHY392
user1768,Khadro,CHE,MAT164,CHE392,DST129,CSC164,MIS335,CHE211
user1769,Odin,BIO,DST396,PHY144,CHE259
user1770,Adnan,DST,MAT382,PHY319,BIO184,PHY140,MIS351,CHE171,MIS334,MAT129,PHY347
user1771,Jacob,BIO,MIS369,DST196,BIO221
user1772,Andy,CSC,MIS331
user1773,Matt,DST,CHE202,BIO387,CHE107,MIS203,MIS353,CHE216,DST336,MAT379
user1774,Adna,BIO,CSC143,DST362,CSC236
user1775,Pavel,CHE,BIO195,CHE371,BIO130
user1776,Alinase,DST,DST117,MAT208,DST169,DST259,PHY222,BIO204
user1777,Nikita,MAT,MAT331,DST373,CHE328,MAT211,PHY330,DST195,BIO366,BIO177,MAT398
user1778,Leah,MIS,CHE363,PHY105,MIS208,MIS172,CSC281,MIS176,MIS387,PHY143
user1779,Faiaz,MIS,PHY351,CHE279,MAT145
user1780,Drew,PHY,DST177,CSC226,MIS205,MIS279,PHY112
user1781,Xera,CSC,PHY194,MIS232,BIO274,CHE250,CSC324,BIO343,CSC235,MAT342
user1782,Sergio,MAT,CHE107,DST125,MAT170,DST186,CSC292,CSC370,MIS208,CSC329
user1783,Kodjo,BIO,DST157,CHE139,MAT211,PHY368
user1784,Brandon,CSC,MIS156
user1785,Sadaq,DST,DST106,DST374,PHY223,DST353
user1786,Elisha,DST,MIS391,BIO356,PHY137
user1787,Skyler,MIS,CHE182,PHY269,PHY257
user1788,Max,MIS,PHY280,DST171,CHE120
user1789,Andy,CSC,CSC365,BIO251,DST258
user1790,Erica,MIS,CSC227,DST149,CSC211,CSC217,MIS327
user1791,Leban,PHY,PHY383,MIS136,MAT226,CSC265,MIS358,PHY344,BIO224,BIO113
user1792,Walta,MIS,DST355,CHE312,DST375,MAT245,MAT298,CSC317
user1793,Tommy,BIO,MAT126,BIO373,DST389,MIS325,BIO132,CHE202,DST344,CHE157
user1794,Kebba,CHE,MAT124,PHY244
user1795,Ivie,MAT,CSC251,DST254
user1796,Vinny,CHE,DST348,CHE304,CHE241,MIS244,MAT149,CSC210
user1797,Elias,DST,MIS361,PHY146,CSC323,CHE258
user1798,Kodjo,PHY,DST198,MAT119,MAT341,MIS289,CSC131,MIS227,CHE231,CSC110,CHE279
user1799,Eric,PHY,DST203,CSC250,CHE241,MIS232,MAT384,DST203,CSC142
user1800,Leban,PHY,MIS112,BIO389,MAT108,CHE271
user1801,Vincent,MAT,CSC177,PHY170,PHY145,CSC171,BIO194
user1802,Angel,DST,BIO184,MAT278,MIS395,PHY145,PHY204,PHY391,CSC196,BIO231,CSC192
user1803,Emily,CHE,MAT235,PHY127,CSC117,PHY291,CSC394,PHY333
user1804,Long,DST,MAT374,BIO296,CHE277,CSC297,DST170,DST229,MIS194
user1805,Ly,BIO,MAT123,MIS377,CHE389,PHY186,BIO124,DST383,DST398,MIS311
user1806,Drew,CHE,BIO320
user1807,Xera,CSC,MIS320,BIO271,DST118,MIS189,CSC263
user1808,Moua,CSC,MIS311,MIS305,PHY359,MIS139,MIS236,PHY231
user1809,Miriam,DST,MIS136,MIS395,DST117
user1810,Gabriel,BIO,DST376,MAT207,MAT312,PHY301,MIS269
user1811,Brandon,BIO,MAT313,BIO230,BIO150,MAT229
user1812,Ly,PHY,BIO382,PHY358,MAT154,BIO374,CHE384,PHY258
user1813,Miriam,CHE,CSC215,BIO310,MIS199,MAT237,PHY127
user1814,Matt,DST,CSC331,MAT101,MAT189,MAT359
user1815,Guleid,CHE,PHY145,CSC304,CHE291,CHE135,MAT394,DST324,CHE142,MAT113,CSC169
user1816,Elisha,BIO,CSC153,DST234,DST234,MIS105,DST376,BIO114,CSC314
user1817,Luis,BIO,DST270,DST194,MAT150,PHY116,PHY223,MIS349,MAT208,CSC271
user1818,Elisha,BIO,PHY137
user1819,Guleid,DST,MAT274,MIS354,MAT148,DST247,DST380
user1820,Khadro,DST,DST308,MIS223,CHE122,MAT234
user1821,Bjorn,PHY,CSC166
user1822,Matt,DST,PHY337
user1823,Kevin,MIS,CSC277,BIO285,CHE323,DST255,BIO320,MIS172,BIO376,PHY219,MAT198
user1824,Ivan,CSC,MIS341,MAT224,DST311,CHE167,PHY188,MIS332,BIO399
user1825,Rudwan,BIO,MIS197,CHE309,CSC294,BIO177,MAT327,MIS380
user1826,Keiran,BIO,BIO206,MIS142,BIO193,CHE139,MIS107
user1827,Ivie,DST,BIO359,BIO243,BIO119,MAT101,MIS148,DST295,MIS164
user1828,Matt,PHY,CHE287,BIO103,DST273,CSC169,DST199,CSC371
user1829,Mayali,CSC,CSC100
user1830,Rudwan,BIO,CHE379,MAT141,CHE213,MAT347,MAT192,MIS159,DST270
user1831,Lucy,MIS,MIS128,CHE349,MAT322,BIO394,CSC179,MAT354,MIS261,DST294,MAT122
user1832,Tenley,BIO,MIS157,MIS154,CHE122,DST112,DST121,MAT178,CHE315,DST273,MIS248
user1833,Matt,DST,MAT221,PHY190,PHY337,CHE333,MIS132,CSC219
user1834,Leban,MAT,MAT141,MAT230,DST343,MIS386,CSC300,BIO251,MAT391,BIO354,PHY227
user1835,Karen,CHE,CSC139
user1836,Sean,PHY,DST175,CSC102
user1837,Sadaq,CHE,MIS267,DST306
user1838,Vivika,CSC,MIS359,MAT106,CHE328,CSC306,MAT299,PHY242
user1839,Vincent,CSC,CHE150
user1840,Ridwan,BIO,BIO317,MIS201,DST258,PHY273,CHE128,MAT337,BIO133,DST387,CSC293
user1841,Joshua,BIO,CHE340
user1842,Joshua,MAT,BIO336,CSC186,CSC111
user1843,Talib,PHY,PHY148,CHE107,MAT163
user1844,Skyler,BIO,DST107,BIO115,MIS133
user1845,Eric,MAT,DST257,BIO174,DST325
user1846,Talib,CHE,MAT303,PHY188,PHY284
user1847,Quinn,DST,CSC271,MIS343,DST168,CSC376,BIO250,MAT219
user1848,Xera,MIS,PHY178,DST215,MIS173,MIS152,CHE146,CHE162
user1849,Ethan,MIS,PHY219,DST236,MAT201,MAT124,PHY289,CHE392,CSC148
user1850,Emily,MIS,DST296,CHE224,MAT278,BIO300
user1851,Emily,DST,BIO297,CHE397,CHE230,MAT393,MIS229,DST369,MIS348
user1852,Lucy,PHY,CHE256,CSC210,CSC206
user1853,Ermais,DST,CHE194,DST145,MAT111,MAT227
user1854,Hodan,PHY,DST122,MIS231,CHE391,BIO238,MAT111,CHE394,PHY347,PHY323,BIO187
user1855,Taha,BIO,CSC337,CHE354,DST151,PHY143
user1856,Sean,CHE,BIO157,PHY157,MAT363,MIS134,MIS316
user1857,Adnan,MIS,CSC307,BIO179,MIS338,CSC217,CSC352,CSC251,DST291,PHY242
user1858,Thor,MIS,BIO235,CSC391
user1859,Taha,MAT,PHY181,DST286,DST237,CSC164,MIS175,BIO304
user1860,Brandon,MAT,CHE366
user1861,Adna,DST,DST318,MIS137,MIS361
user1862,Long,MAT,CHE104,CSC354,CSC214,CHE287,PHY396,CHE289,PHY173
user1863,Amaal,BIO,BIO389,MIS388,CSC397,DST273
user1864,Betelehem,CSC,BIO107,DST306,PHY225,PHY299,PHY150,DST110,MIS369
user1865,Lucy,BIO,BIO130,DST360,MAT383,BIO207,MIS328,DST389
user1866,Najma,PHY,PHY320,PHY129,PHY301,MAT305,CHE184,MAT186,MAT261,CHE135
user1867,Ryan,CSC,CHE399,PHY171,MAT309,CSC368,MIS135,CSC256
user1868,Vincent,MIS,MIS140,PHY283,CHE124,BIO161,MAT224,MAT297,CSC399,PHY221
user1869,Khadro,BIO,DST195,MAT397,CSC283,BIO238,DST356,MAT144
user1870,Adna,MAT,MAT288
user1871,Lucy,PHY,CSC303
user1872,Mohamed,BIO,MAT366,BIO212,PHY201,MIS110,BIO259,CSC317,PHY103
user1873,Bailey,CHE,CSC302,BIO319,PHY373,DST175,CHE108,MIS155,MAT120
user1874,Mayali,DST,MIS312
user1875,Odin,CSC,DST246
user1876,Corey,DST,PHY328,DST335,CSC397
user1877,Thor,MAT,PHY224,DST272,BIO114
user1878,Melissa,MAT,CSC115,CSC343,CSC315
user1879,Guleid,BIO,CSC341,MAT387
user1880,Keiran,DST,MIS278,BIO266
user1881,Aisha,CHE,MAT371,CHE298,DST286,PHY110,DST232,CSC267,CHE184,PHY349
user1882,Elliott,MAT,PHY294,DST107
user1883,Adnan,CHE,DST258,DST112,CHE378,BIO288,PHY395,MAT269,MAT249,CHE199
user1884,Vivika,CSC,CHE195,PHY227
user1885,Everett,MAT,CHE157,DST162,PHY255,CSC303,BIO149
user1886,Amina,DST,DST335,BIO114
user1887,Mackenzie,CHE,PHY169,MAT283,BIO191,BIO386
user1888,Faiaz,MAT,MAT241,DST164,CHE116
user1889,Tommy,MIS,CSC325,CHE144,MIS341,MIS384,MAT178,DST191,BIO191,PHY398
user1890,Abdi,MIS,BIO311,PHY140,CHE287,MIS151,PHY237,CSC241,BIO296,CSC234
user1891,Corey,PHY,PHY252,DST307,CHE229,PHY285,DST141,BIO384,DST170,PHY340
user1892,Najma,MAT,MIS314,CHE372
user1893,Zach,CHE,PHY270,MIS365,MAT293,CSC213,BIO206,CSC212
user1894,Drew,CHE,MAT357,CSC125,CSC282,CSC248,PHY124,PHY211,CSC193
user1895,Elliott,CSC,BIO123
user1896,Ayden,BIO,DST315,BIO372,PHY324,MAT392,CSC100,MIS171
user1897,Yuva,PHY,MAT213,CSC322,CSC302,PHY107,PHY211
user1898,Ayden,BIO,BIO238,BIO264,MIS200,PHY365,MIS136
user1899,Khadro,DST,PHY364
user1900,Elliott,PHY,DST388
user1901,Ermais,BIO,MIS375,CSC151,CHE156,BIO308,PHY127,MIS130
user1902,Brooklyn,BIO,MAT366,CSC138,CHE342,BIO358,CHE157,BIO186,CHE176,DST355
user1903,Ethan,BIO,DST138,BIO348
user1904,Halah,MIS,PHY343,CHE182,CHE235,MIS262
user1905,Max,MIS,DST371,MIS190,BIO332,CHE273,MIS289,MIS157
user1906,Fatima,BIO,PHY144,PHY200,MIS158,CHE362,PHY372,MAT148,CHE225
user1907,Ivan,MIS,CHE300,MIS274,MAT267,BIO194
user1908,Sadaq,CHE,BIO384,MIS154,CHE376,BIO265,MAT222,MAT330,DST143,CSC312
user1909,Miriam,BIO,CSC122,CSC334,DST288,MAT122,MAT350,CHE199
user1910,Jason,DST,MIS324
user1911,Jake,CHE,MIS157,DST227,MAT320,CSC375,MIS231
user1912,Ari,MAT,PHY136,MIS265
user1913,Vinny,MIS,MIS381
user1914,Brooklyn,CHE,CHE109,CSC175,BIO314,DST234,CHE313,MIS270,MIS266,BIO133,DST229
user1915,Luis,BIO,CHE355,BIO148,CHE102,MAT248,PHY352,MAT144,BIO162,MAT140
user1916,Ceazar,PHY,DST175,CSC250,MAT149
user1917,Ceazar,DST,BIO358,CSC279,MAT112,DST394,PHY142
user1918,Everett,PHY,PHY179,MIS156,MIS260,MIS104
user1919,Vinny,BIO,CHE122,BIO282,DST272
user1920,Vincent,DST,MAT275,DST128,CSC119,PHY378
user1921,Rahma,DST,DST196,DST135,MAT253,CSC157
user1922,Matt,CHE,CHE313,DST329,MIS299,PHY232
user1923,Yuva,CHE,MAT334,PHY107,DST372,PHY386,BIO369,MIS103,BIO132,MAT329,CSC168
user1924,Saryn,BIO,MAT227,PHY124,CSC386,DST185,MAT218,CHE167,BIO222
user1925,Abdi,DST,MIS130,PHY183,BIO327
user1926,Erica,BIO,MIS150,MAT196,BIO242,DST165,PHY392,PHY105,CHE277,CHE377
user1927,Xera,PHY,CSC130
user1928,Ridwan,PHY,BIO138,BIO265,DST359,BIO198,PHY276,CSC172,CHE246,MAT330
user1929,Zak,PHY,CSC338,BIO245
user1930,Walta,CHE,BIO306
user1931,Sumayyah,DST,DST152,MIS356,PHY242,MAT110,BIO191,MAT354,CSC358,MAT177
user1932,Brooklyn,PHY,MAT287,CHE346,MAT121,CHE234,MIS235,CHE344,BIO100,CHE221
user1933,Awal,CHE,CHE138,PHY361,MAT188,MIS350,MAT115,MIS274,DST369
user1934,Sumayyah,MIS,MAT282,PHY362,CHE279,MAT157,PHY272,CHE115,PHY230,CHE246,DST315
user1935,Skyler,CSC,DST313,BIO384,MAT204,BIO269,PHY151,CSC225,BIO398,MIS244,CSC152
user1936,Pavel,MAT,PHY364,MIS120,BIO196,PHY305,CHE247
user1937,Kevin,BIO,CHE196,BIO109
user1938,Ivan,CHE,CHE386,DST116,CHE174
user1939,Ly,CHE,BIO199,CHE164,MAT389,CHE242,BIO280,DST267
user1940,Brooklyn,PHY,CSC277,DST321,CSC305
user1941,Vinny,CHE,CHE207,MAT383,BIO172,CHE297,DST110
user1942,Pavel,DST,CHE265,MIS351,CSC266,CHE113,DST199
user1943,Long,CHE,PHY356,PHY170,MAT105,BIO189,MAT159
user1944,Joshua,BIO,MAT370,MAT378,DST192,DST266,CHE205,BIO136,MIS397
user1945,Thor,CHE,MAT399,MIS312,DST183,CSC348,CHE303,BIO200,MIS243
user1946,Najma,MAT,PHY103,MIS223,CSC134,CSC390
user1947,Keiran,PHY,CHE190,MAT156,BIO302,BIO389,CHE205,MAT236,DST392,BIO189,DST231
user1948,Leban,MIS,PHY314
user1949,Josh,CHE,CSC174,PHY304,MAT377,BIO179,PHY202
user1950,Mohamed,MIS,BIO283,CHE176,BIO161,MAT142,DST348,CSC112
user1951,Alinase,CSC,DST119,MAT284,CSC396,DST263,BIO116,CSC289
user1952,Anna,MAT,MAT128,MIS292,CHE111
user1953,Ivie,CSC,MAT392,CSC130,CSC161
user1954,Quinn,DST,PHY292,BIO177,CHE333,MIS261,CSC109,BIO128
user1955,Derek,DST,PHY349,MAT309,DST307,MIS111,PHY331
user1956,Angel,CSC,BIO398,DST228
user1957,Anna,MIS,CHE301,MIS260,MAT208,CSC108,CSC264
user1958,Derek,PHY,MAT163,MIS157,DST221,MAT341,DST370,CSC143
user1959,Brooklyn,CHE,CHE274,BIO361
user1960,Odin,CSC,CHE343,MAT166,CSC326,MAT292,PHY130,CHE333,BIO278
user1961,Amaal,DST,CHE112,BIO368
user1962,Angel,BIO,MIS295,CSC305,DST396,MIS327
user1963,Eric,BIO,MIS187,CSC397,MAT222,MAT353,DST335,MAT260,BIO202,PHY394,CSC160
user1964,Mitchell,CSC,DST131
user1965,Erik,BIO,MIS346
user1966,Katie,DST,MIS225,BIO242,PHY243
user1967,Elisha,PHY,CHE318,MAT110,BIO100,MAT282,MAT140,DST268,DST265,MAT131,CSC248
user1968,Keenan,MIS,BIO365
user1969,Guleid,DST,BIO375
user1970,Ivan,DST,DST350,CHE336
user1971,Long,CHE,MIS219,MAT388,DST335,MIS384,BIO247,BIO228,CSC137,DST234,CSC355
user1972,Myles,PHY,MAT385,MAT246,PHY248,BIO206,MIS329,BIO199,DST237,PHY279
user1973,Sundus,CHE,BIO382,MAT357,DST293,MIS154,CHE278,PHY115,CHE353,MIS211,CHE278
user1974,Andy,CSC,PHY265,BIO132
user1975,Stephanie,MIS,PHY153,PHY384,MAT282,CHE192
user1976,Aisha,MAT,MIS289,DST282,PHY265
user1977,Ermais,CHE,BIO368,CHE137
user1978,Christopher,BIO,BIO293,CHE145,PHY244,MAT378,CSC123,BIO351,MIS132,MIS102
user1979,Kevin,CSC,PHY123,MIS396,BIO229,BIO156,DST218,CSC286,MAT217,DST268,PHY207
user1980,Elias,BIO,MIS143,CHE146,CSC333
user1981,Moua,CSC,CHE309,CHE218
user1982,Leah,DST,BIO137,BIO242,CHE160,BIO215
user1983,Kevin,DST,CHE192,CHE344,MAT342,DST257,CSC352,CSC303,MIS326,MIS123
user1984,Gabriel,CHE,CSC101,CHE115,CHE378,MIS290,CHE165,CHE218,MIS371,DST111,DST145
user1985,Thor,BIO,MAT135,CHE244
user1986,Hamsa,PHY,MAT154,PHY255,BIO126
user1987,Halah,DST,BIO147,DST127,MIS277
user1988,Kevin,BIO,BIO376,MAT300,BIO235,CHE322,BIO149,PHY308
user1989,Katie,CHE,MAT323,CHE341,MIS262,MIS353,PHY190,BIO295,CHE209
user1990,Andy,BIO,CSC369,CHE219,PHY283,CSC315,BIO323,MAT335,MAT229,CHE151,MAT363
user1991,Ari,CHE,CHE386,CSC181,MIS153,MIS372,CHE152,MIS151,MIS243,CHE146,PHY246
user1992,Halah,PHY,CHE201
user1993,Ceazar,DST,MIS307,CSC389,MIS145,MAT380,CSC194,DST240,MIS299,CSC221,MIS250
user1994,Ridwan,BIO,CHE399,DST129,CHE282,BIO239,MIS343,BIO188,CSC368
user1995,Mohamed,MAT,DST371,MAT213,CHE139
user1996,Mitchell,MIS,MIS393,DST319
user1997,Walta,BIO,MIS221,CSC170,CSC107,MAT343,CSC123,CHE270,MAT269,CSC109
user1998,Andy,BIO,PHY210
user1999,Ayden,MAT,MAT215,CSC266,MAT370,DST153
